image,reason
0007.JPEG,No damage detected in damage image
0014.JPEG,No damage detected in damage image
0016.JPEG,No damage detected in damage image
0019.JPEG,No damage detected in damage image
0020.JPEG,No damage detected in damage image
0021.JPEG,No damage detected in damage image
0022.JPEG,No damage detected in damage image
0023.JPEG,No damage detected in damage image
0024.JPEG,No damage detected in damage image
0030.JPEG,No damage detected in damage image
0032.JPEG,No damage detected in damage image
0033.JPEG,No damage detected in damage image
0034.JPEG,No damage detected in damage image
0037.JPEG,No damage detected in damage image
0039.JPEG,No damage detected in damage image
0041.JPEG,No damage detected in damage image
0042.JPEG,No damage detected in damage image
0066.JPEG,No damage detected in damage image
0067.JPEG,No damage detected in damage image
0069.JPEG,No damage detected in damage image
0070.JPEG,No damage detected in damage image
0071.JPEG,No damage detected in damage image
0076.JPEG,No damage detected in damage image
0077.JPEG,No damage detected in damage image
0079.JPEG,No damage detected in damage image
0081.JPEG,No damage detected in damage image
0087.JPEG,No damage detected in damage image
0088.JPEG,No damage detected in damage image
0091.JPEG,No damage detected in damage image
0094.JPEG,No damage detected in damage image
0095.JPEG,No damage detected in damage image
0097.JPEG,No damage detected in damage image
0099.JPEG,No damage detected in damage image
0101.JPEG,No damage detected in damage image
0107.JPEG,No damage detected in damage image
0108.jpeg,No damage detected in damage image
0111.JPEG,No damage detected in damage image
0112.JPEG,No damage detected in damage image
0122.JPEG,No damage detected in damage image
0127.jpeg,No damage detected in damage image
0132.JPEG,No damage detected in damage image
0133.JPEG,No damage detected in damage image
0139.JPEG,No damage detected in damage image
0140.JPEG,No damage detected in damage image
0149.JPEG,No damage detected in damage image
0153.JPEG,No damage detected in damage image
0158.jpeg,No damage detected in damage image
0162.jpeg,No damage detected in damage image
0163.JPEG,No damage detected in damage image
0164.JPEG,No damage detected in damage image
0167.JPEG,No damage detected in damage image
0170.JPEG,No damage detected in damage image
0171.JPEG,No damage detected in damage image
0175.JPEG,No damage detected in damage image
0176.JPEG,No damage detected in damage image
0177.JPEG,No damage detected in damage image
0180.jpeg,No damage detected in damage image
0182.JPEG,No damage detected in damage image
0184.jpeg,No damage detected in damage image
0189.JPEG,No damage detected in damage image
0190.JPEG,No damage detected in damage image
0191.JPEG,No damage detected in damage image
0194.JPEG,No damage detected in damage image
0197.JPEG,No damage detected in damage image
0200.JPEG,No damage detected in damage image
0203.JPEG,No damage detected in damage image
0209.jpeg,No damage detected in damage image
0211.JPEG,No damage detected in damage image
0213.JPEG,No damage detected in damage image
0214.JPEG,No damage detected in damage image
0219.JPEG,No damage detected in damage image
0221.JPEG,No damage detected in damage image
0222.JPEG,No damage detected in damage image
0223.JPEG,No damage detected in damage image
0228.JPEG,No damage detected in damage image
0230.JPEG,No damage detected in damage image
0231.JPEG,No damage detected in damage image
0232.JPEG,No damage detected in damage image
0233.JPEG,No damage detected in damage image
0234.JPEG,No damage detected in damage image
0235.JPEG,No damage detected in damage image
0238.JPEG,No damage detected in damage image
0240.JPEG,No damage detected in damage image
0244.JPEG,No damage detected in damage image
0245.JPEG,No damage detected in damage image
0249.JPEG,No damage detected in damage image
0255.JPEG,No damage detected in damage image
0259.JPEG,No damage detected in damage image
0260.JPEG,No damage detected in damage image
0266.JPEG,No damage detected in damage image
0267.JPEG,No damage detected in damage image
0276.JPEG,No damage detected in damage image
0277.JPEG,No damage detected in damage image
0278.JPEG,No damage detected in damage image
0279.JPEG,No damage detected in damage image
0282.JPEG,No damage detected in damage image
0284.JPEG,No damage detected in damage image
0285.JPEG,No damage detected in damage image
0288.JPEG,No damage detected in damage image
0289.jpeg,No damage detected in damage image
0290.JPEG,No damage detected in damage image
0292.JPEG,No damage detected in damage image
0293.JPEG,No damage detected in damage image
0294.JPEG,No damage detected in damage image
0298.JPEG,No damage detected in damage image
0299.JPEG,No damage detected in damage image
0300.JPEG,No damage detected in damage image
0302.JPEG,No damage detected in damage image
0304.JPEG,No damage detected in damage image
0305.JPEG,No damage detected in damage image
0306.JPEG,No damage detected in damage image
0308.JPEG,No damage detected in damage image
0310.JPEG,No damage detected in damage image
0311.JPEG,No damage detected in damage image
0315.JPEG,No damage detected in damage image
0320.jpeg,No damage detected in damage image
0322.JPEG,No damage detected in damage image
0323.JPEG,No damage detected in damage image
0325.JPEG,No damage detected in damage image
0326.JPEG,No damage detected in damage image
0327.JPEG,No damage detected in damage image
0333.JPEG,No damage detected in damage image
0334.JPEG,No damage detected in damage image
0338.JPEG,No damage detected in damage image
0339.JPEG,No damage detected in damage image
0341.JPEG,No damage detected in damage image
0342.JPEG,No damage detected in damage image
0347.JPEG,No damage detected in damage image
0348.JPEG,No damage detected in damage image
0353.JPEG,No damage detected in damage image
0360.JPEG,No damage detected in damage image
0363.JPEG,No damage detected in damage image
0366.JPEG,No damage detected in damage image
0369.JPEG,No damage detected in damage image
0371.JPEG,No damage detected in damage image
0372.JPEG,No damage detected in damage image
0374.JPEG,No damage detected in damage image
0376.JPEG,No damage detected in damage image
0379.JPEG,No damage detected in damage image
0380.JPEG,No damage detected in damage image
0382.JPEG,No damage detected in damage image
0385.JPEG,No damage detected in damage image
0389.JPEG,No damage detected in damage image
0393.JPEG,No damage detected in damage image
0394.JPEG,No damage detected in damage image
0396.JPEG,No damage detected in damage image
0398.JPEG,No damage detected in damage image
0399.JPEG,No damage detected in damage image
0402.JPEG,No damage detected in damage image
0406.JPEG,No damage detected in damage image
0409.JPEG,No damage detected in damage image
0410.JPEG,No damage detected in damage image
0413.JPEG,No damage detected in damage image
0417.JPEG,No damage detected in damage image
0418.JPEG,No damage detected in damage image
0424.JPEG,No damage detected in damage image
0430.JPEG,No damage detected in damage image
0431.JPEG,No damage detected in damage image
0433.JPEG,No damage detected in damage image
0436.JPEG,No damage detected in damage image
0440.JPEG,No damage detected in damage image
0441.JPEG,No damage detected in damage image
0443.JPEG,No damage detected in damage image
0445.JPEG,No damage detected in damage image
0446.JPEG,No damage detected in damage image
0449.JPEG,No damage detected in damage image
0451.jpeg,No damage detected in damage image
0452.JPEG,No damage detected in damage image
0453.JPEG,No damage detected in damage image
0455.JPEG,No damage detected in damage image
0456.JPEG,No damage detected in damage image
0458.JPEG,No damage detected in damage image
0462.JPEG,No damage detected in damage image
0464.JPEG,No damage detected in damage image
0465.JPEG,No damage detected in damage image
0468.JPEG,No damage detected in damage image
0469.JPEG,No damage detected in damage image
0471.jpeg,No damage detected in damage image
0472.JPEG,No damage detected in damage image
0473.JPEG,No damage detected in damage image
0477.JPEG,No damage detected in damage image
0478.JPEG,No damage detected in damage image
0491.JPEG,No damage detected in damage image
0492.jpeg,No damage detected in damage image
0493.jpeg,No damage detected in damage image
0496.JPEG,No damage detected in damage image
0498.JPEG,No damage detected in damage image
0503.JPEG,No damage detected in damage image
0504.JPEG,No damage detected in damage image
0508.JPEG,No damage detected in damage image
0514.JPEG,No damage detected in damage image
0517.JPEG,No damage detected in damage image
0518.JPEG,No damage detected in damage image
0520.JPEG,No damage detected in damage image
0522.JPEG,No damage detected in damage image
0524.JPEG,No damage detected in damage image
0526.JPEG,No damage detected in damage image
0529.JPEG,No damage detected in damage image
0532.JPEG,No damage detected in damage image
0537.JPEG,No damage detected in damage image
0538.JPEG,No damage detected in damage image
0542.JPEG,No damage detected in damage image
0548.JPEG,No damage detected in damage image
0553.JPEG,No damage detected in damage image
0554.JPEG,No damage detected in damage image
0555.JPEG,No damage detected in damage image
0558.JPEG,No damage detected in damage image
0559.JPEG,No damage detected in damage image
0560.JPEG,No damage detected in damage image
0561.JPEG,No damage detected in damage image
0564.JPEG,No damage detected in damage image
0569.JPEG,No damage detected in damage image
0571.JPEG,No damage detected in damage image
0574.JPEG,No damage detected in damage image
0575.JPEG,No damage detected in damage image
0580.JPEG,No damage detected in damage image
0581.JPEG,No damage detected in damage image
0584.JPEG,No damage detected in damage image
0591.JPEG,No damage detected in damage image
0594.JPEG,No damage detected in damage image
0596.JPEG,No damage detected in damage image
0597.JPEG,No damage detected in damage image
0600.JPEG,No damage detected in damage image
0601.JPEG,No damage detected in damage image
0603.JPEG,No damage detected in damage image
0607.JPEG,No damage detected in damage image
0613.JPEG,No damage detected in damage image
0618.JPEG,No damage detected in damage image
0620.JPEG,No damage detected in damage image
0622.JPEG,No damage detected in damage image
0627.JPEG,No damage detected in damage image
0628.JPEG,No damage detected in damage image
0632.JPEG,No damage detected in damage image
0633.JPEG,No damage detected in damage image
0635.JPEG,No damage detected in damage image
0642.JPEG,No damage detected in damage image
0643.JPEG,No damage detected in damage image
0644.JPEG,No damage detected in damage image
0647.JPEG,No damage detected in damage image
0650.JPEG,No damage detected in damage image
0658.JPEG,No damage detected in damage image
0669.JPEG,No damage detected in damage image
0671.jpeg,No damage detected in damage image
0674.JPEG,No damage detected in damage image
0675.JPEG,No damage detected in damage image
0680.JPEG,No damage detected in damage image
0683.JPEG,No damage detected in damage image
0691.JPEG,No damage detected in damage image
0695.JPEG,No damage detected in damage image
0697.JPEG,No damage detected in damage image
0698.JPEG,No damage detected in damage image
0701.jpeg,No damage detected in damage image
0702.JPEG,No damage detected in damage image
0704.JPEG,No damage detected in damage image
0706.JPEG,No damage detected in damage image
0708.JPEG,No damage detected in damage image
0714.JPEG,No damage detected in damage image
0717.JPEG,No damage detected in damage image
0718.JPEG,No damage detected in damage image
0724.JPEG,No damage detected in damage image
0733.JPEG,No damage detected in damage image
0734.JPEG,No damage detected in damage image
0736.JPEG,No damage detected in damage image
0740.JPEG,No damage detected in damage image
0741.JPEG,No damage detected in damage image
0745.JPEG,No damage detected in damage image
0750.JPEG,No damage detected in damage image
0753.JPEG,No damage detected in damage image
0754.JPEG,No damage detected in damage image
0757.JPEG,No damage detected in damage image
0758.JPEG,No damage detected in damage image
0762.JPEG,No damage detected in damage image
0765.JPEG,No damage detected in damage image
0774.JPEG,No damage detected in damage image
0779.JPEG,No damage detected in damage image
0781.JPEG,No damage detected in damage image
0785.JPEG,No damage detected in damage image
0791.JPEG,No damage detected in damage image
0792.JPEG,No damage detected in damage image
0794.JPEG,No damage detected in damage image
0795.JPEG,No damage detected in damage image
0808.JPEG,No damage detected in damage image
0810.JPEG,No damage detected in damage image
0815.JPEG,No damage detected in damage image
0822.JPEG,No damage detected in damage image
0823.JPEG,No damage detected in damage image
0827.JPEG,No damage detected in damage image
0828.JPEG,No damage detected in damage image
0831.JPEG,No damage detected in damage image
0835.JPEG,No damage detected in damage image
0836.JPEG,No damage detected in damage image
0837.JPEG,No damage detected in damage image
0839.JPEG,No damage detected in damage image
0846.JPEG,No damage detected in damage image
0847.JPEG,No damage detected in damage image
0851.JPEG,No damage detected in damage image
0852.JPEG,No damage detected in damage image
0859.JPEG,No damage detected in damage image
0860.JPEG,No damage detected in damage image
0864.JPEG,No damage detected in damage image
0868.jpeg,No damage detected in damage image
0871.JPEG,No damage detected in damage image
0873.JPEG,No damage detected in damage image
0879.JPEG,No damage detected in damage image
0880.JPEG,No damage detected in damage image
0884.JPEG,No damage detected in damage image
0885.JPEG,No damage detected in damage image
0892.JPEG,No damage detected in damage image
0893.JPEG,No damage detected in damage image
0906.JPEG,No damage detected in damage image
0907.JPEG,No damage detected in damage image
0910.JPEG,No damage detected in damage image
0919.JPEG,No damage detected in damage image
0920.jpeg,No damage detected in damage image
0001.JPEG,No damage detected in damage image
0007.JPEG,No damage detected in damage image
0009.JPEG,No damage detected in damage image
0012.JPEG,No damage detected in damage image
0013.JPEG,No damage detected in damage image
0020.JPEG,No damage detected in damage image
0021.JPEG,No damage detected in damage image
0023.JPEG,No damage detected in damage image
0025.jpeg,No damage detected in damage image
0030.JPEG,No damage detected in damage image
0037.JPEG,No damage detected in damage image
0040.JPEG,No damage detected in damage image
0041.JPEG,No damage detected in damage image
0044.JPEG,No damage detected in damage image
0046.jpeg,No damage detected in damage image
0048.JPEG,No damage detected in damage image
0050.jpeg,No damage detected in damage image
0051.JPEG,No damage detected in damage image
0053.JPEG,No damage detected in damage image
0056.JPEG,No damage detected in damage image
0057.JPEG,No damage detected in damage image
0062.JPEG,No damage detected in damage image
0066.JPEG,No damage detected in damage image
0067.JPEG,No damage detected in damage image
0075.JPEG,No damage detected in damage image
0076.JPEG,No damage detected in damage image
0077.JPEG,No damage detected in damage image
0079.JPEG,No damage detected in damage image
0087.JPEG,No damage detected in damage image
0090.JPEG,No damage detected in damage image
0094.JPEG,No damage detected in damage image
0096.JPEG,No damage detected in damage image
0097.JPEG,No damage detected in damage image
0109.JPEG,No damage detected in damage image
0111.JPEG,No damage detected in damage image
0112.JPEG,No damage detected in damage image
0113.JPEG,No damage detected in damage image
0115.JPEG,No damage detected in damage image
0124.JPEG,No damage detected in damage image
0125.JPEG,No damage detected in damage image
0127.JPEG,No damage detected in damage image
0133.JPEG,No damage detected in damage image
0138.JPEG,No damage detected in damage image
0141.JPEG,No damage detected in damage image
0144.JPEG,No damage detected in damage image
0145.JPEG,No damage detected in damage image
0147.JPEG,No damage detected in damage image
0148.JPEG,No damage detected in damage image
0151.JPEG,No damage detected in damage image
0154.jpeg,No damage detected in damage image
0162.JPEG,No damage detected in damage image
0163.JPEG,No damage detected in damage image
0164.JPEG,No damage detected in damage image
0165.JPEG,No damage detected in damage image
0168.JPEG,No damage detected in damage image
0172.JPEG,No damage detected in damage image
0176.JPEG,No damage detected in damage image
0180.JPEG,No damage detected in damage image
0183.JPEG,No damage detected in damage image
0184.JPEG,No damage detected in damage image
0186.jpeg,No damage detected in damage image
0190.JPEG,No damage detected in damage image
0198.JPEG,No damage detected in damage image
0200.JPEG,No damage detected in damage image
0202.JPEG,No damage detected in damage image
0203.JPEG,No damage detected in damage image
0206.JPEG,No damage detected in damage image
0208.JPEG,No damage detected in damage image
0211.JPEG,No damage detected in damage image
0212.JPEG,No damage detected in damage image
0219.JPEG,No damage detected in damage image
0220.JPEG,No damage detected in damage image
0221.JPEG,No damage detected in damage image
0224.JPEG,No damage detected in damage image
0225.JPEG,No damage detected in damage image
